filename,class,path,width,height
b (157).png,Blackspot,/home/rguktong/Desktop/citrus_severity_project/data/raw_images/Blackspot/b (157).png,256,256
b (91).png,Blackspot,/home/rguktong/Desktop/citrus_severity_project/data/raw_images/Blackspot/b (91).png,256,256
b (51).png,Blackspot,/home/rguktong/Desktop/citrus_severity_project/data/raw_images/Blackspot/b (51).png,256,256
b (199).png,Blackspot,/home/rguktong/Desktop/citrus_severity_project/data/raw_images/Blackspot/b (199).png,256,256
b (187).png,Blackspot,/home/rguktong/Desktop/citrus_severity_project/data/raw_images/Blackspot/b (187).png,256,256
b (11).png,Blackspot,/home/rguktong/Desktop/citrus_severity_project/data/raw_images/Blackspot/b (11).png,256,256
b (172).png,Blackspot,/home/rguktong/Desktop/citrus_severity_project/data/raw_images/Blackspot/b (172).png,256,256
b (82).png,Blackspot,/home/rguktong/Desktop/citrus_severity_project/data/raw_images/Blackspot/b (82).png,256,256
b (59).png,Blackspot,/home/rguktong/Desktop/citrus_severity_project/data/raw_images/Blackspot/b (59).png,256,256
b (272).png,Blackspot,/home/rguktong/Desktop/citrus_severity_project/data/raw_images/Blackspot/b (272).png,256,256
bl (3).png,Blackspot,/home/rguktong/Desktop/citrus_severity_project/data/raw_images/Blackspot/bl (3).png,256,256
b (184).png,Blackspot,/home/rguktong/Desktop/citrus_severity_project/data/raw_images/Blackspot/b (184).png,256,256
b (197).png,Blackspot,/home/rguktong/Desktop/citrus_severity_project/data/raw_images/Blackspot/b (197).png,256,256
b (161).png,Blackspot,/home/rguktong/Desktop/citrus_severity_project/data/raw_images/Blackspot/b (161).png,256,256
b (273).png,Blackspot,/home/rguktong/Desktop/citrus_severity_project/data/raw_images/Blackspot/b (273).png,256,256
b (192).png,Blackspot,/home/rguktong/Desktop/citrus_severity_project/data/raw_images/Blackspot/b (192).png,256,256
b (24).png,Blackspot,/home/rguktong/Desktop/citrus_severity_project/data/raw_images/Blackspot/b (24).png,256,256
b (222).png,Blackspot,/home/rguktong/Desktop/citrus_severity_project/data/raw_images/Blackspot/b (222).png,256,256
b (84).png,Blackspot,/home/rguktong/Desktop/citrus_severity_project/data/raw_images/Blackspot/b (84).png,256,256
b (146).png,Blackspot,/home/rguktong/Desktop/citrus_severity_project/data/raw_images/Blackspot/b (146).png,256,256
b (43).png,Blackspot,/home/rguktong/Desktop/citrus_severity_project/data/raw_images/Blackspot/b (43).png,256,256
b (139).png,Blackspot,/home/rguktong/Desktop/citrus_severity_project/data/raw_images/Blackspot/b (139).png,256,256
b (158).png,Blackspot,/home/rguktong/Desktop/citrus_severity_project/data/raw_images/Blackspot/b (158).png,256,256
b (5).png,Blackspot,/home/rguktong/Desktop/citrus_severity_project/data/raw_images/Blackspot/b (5).png,256,256
b (240).png,Blackspot,/home/rguktong/Desktop/citrus_severity_project/data/raw_images/Blackspot/b (240).png,256,256
b (144).png,Blackspot,/home/rguktong/Desktop/citrus_severity_project/data/raw_images/Blackspot/b (144).png,256,256
b (142).png,Blackspot,/home/rguktong/Desktop/citrus_severity_project/data/raw_images/Blackspot/b (142).png,256,256
bl (5).png,Blackspot,/home/rguktong/Desktop/citrus_severity_project/data/raw_images/Blackspot/bl (5).png,256,256
b (180).png,Blackspot,/home/rguktong/Desktop/citrus_severity_project/data/raw_images/Blackspot/b (180).png,256,256
b (258).png,Blackspot,/home/rguktong/Desktop/citrus_severity_project/data/raw_images/Blackspot/b (258).png,256,256
b (196).png,Blackspot,/home/rguktong/Desktop/citrus_severity_project/data/raw_images/Blackspot/b (196).png,256,256
b (52).png,Blackspot,/home/rguktong/Desktop/citrus_severity_project/data/raw_images/Blackspot/b (52).png,256,256
b (256).png,Blackspot,/home/rguktong/Desktop/citrus_severity_project/data/raw_images/Blackspot/b (256).png,256,256
b (249).png,Blackspot,/home/rguktong/Desktop/citrus_severity_project/data/raw_images/Blackspot/b (249).png,256,256
b (254).png,Blackspot,/home/rguktong/Desktop/citrus_severity_project/data/raw_images/Blackspot/b (254).png,256,256
b (268).png,Blackspot,/home/rguktong/Desktop/citrus_severity_project/data/raw_images/Blackspot/b (268).png,256,256
b (261).png,Blackspot,/home/rguktong/Desktop/citrus_severity_project/data/raw_images/Blackspot/b (261).png,256,256
b (74).png,Blackspot,/home/rguktong/Desktop/citrus_severity_project/data/raw_images/Blackspot/b (74).png,256,256
b (152).png,Blackspot,/home/rguktong/Desktop/citrus_severity_project/data/raw_images/Blackspot/b (152).png,256,256
b (89).png,Blackspot,/home/rguktong/Desktop/citrus_severity_project/data/raw_images/Blackspot/b (89).png,256,256
b (198).png,Blackspot,/home/rguktong/Desktop/citrus_severity_project/data/raw_images/Blackspot/b (198).png,256,256
b (49).png,Blackspot,/home/rguktong/Desktop/citrus_severity_project/data/raw_images/Blackspot/b (49).png,256,256
bl (4).png,Blackspot,/home/rguktong/Desktop/citrus_severity_project/data/raw_images/Blackspot/bl (4).png,256,256
74.jpg,Blackspot,/home/rguktong/Desktop/citrus_severity_project/data/raw_images/Blackspot/74.jpg,1520,1417
b (93).png,Blackspot,/home/rguktong/Desktop/citrus_severity_project/data/raw_images/Blackspot/b (93).png,256,256
b (252).png,Blackspot,/home/rguktong/Desktop/citrus_severity_project/data/raw_images/Blackspot/b (252).png,256,256
bl (1).png,Blackspot,/home/rguktong/Desktop/citrus_severity_project/data/raw_images/Blackspot/bl (1).png,256,256
b (160).png,Blackspot,/home/rguktong/Desktop/citrus_severity_project/data/raw_images/Blackspot/b (160).png,256,256
b (183).png,Blackspot,/home/rguktong/Desktop/citrus_severity_project/data/raw_images/Blackspot/b (183).png,256,256
b (77).png,Blackspot,/home/rguktong/Desktop/citrus_severity_project/data/raw_images/Blackspot/b (77).png,256,256
b (131).png,Blackspot,/home/rguktong/Desktop/citrus_severity_project/data/raw_images/Blackspot/b (131).png,256,256
b (225).png,Blackspot,/home/rguktong/Desktop/citrus_severity_project/data/raw_images/Blackspot/b (225).png,256,256
b (156).png,Blackspot,/home/rguktong/Desktop/citrus_severity_project/data/raw_images/Blackspot/b (156).png,256,256
b (194).png,Blackspot,/home/rguktong/Desktop/citrus_severity_project/data/raw_images/Blackspot/b (194).png,256,256
b (280).png,Blackspot,/home/rguktong/Desktop/citrus_severity_project/data/raw_images/Blackspot/b (280).png,256,256
b (126).png,Blackspot,/home/rguktong/Desktop/citrus_severity_project/data/raw_images/Blackspot/b (126).png,256,256
b (44).png,Blackspot,/home/rguktong/Desktop/citrus_severity_project/data/raw_images/Blackspot/b (44).png,256,256
b (145).png,Blackspot,/home/rguktong/Desktop/citrus_severity_project/data/raw_images/Blackspot/b (145).png,256,256
b (163).png,Blackspot,/home/rguktong/Desktop/citrus_severity_project/data/raw_images/Blackspot/b (163).png,256,256
b (185).png,Blackspot,/home/rguktong/Desktop/citrus_severity_project/data/raw_images/Blackspot/b (185).png,256,256
b (176).png,Blackspot,/home/rguktong/Desktop/citrus_severity_project/data/raw_images/Blackspot/b (176).png,256,256
b (251).png,Blackspot,/home/rguktong/Desktop/citrus_severity_project/data/raw_images/Blackspot/b (251).png,256,256
b (32).png,Blackspot,/home/rguktong/Desktop/citrus_severity_project/data/raw_images/Blackspot/b (32).png,256,256
b (227).png,Blackspot,/home/rguktong/Desktop/citrus_severity_project/data/raw_images/Blackspot/b (227).png,256,256
b (278).png,Blackspot,/home/rguktong/Desktop/citrus_severity_project/data/raw_images/Blackspot/b (278).png,256,256
b (281).png,Blackspot,/home/rguktong/Desktop/citrus_severity_project/data/raw_images/Blackspot/b (281).png,256,256
b (95).png,Blackspot,/home/rguktong/Desktop/citrus_severity_project/data/raw_images/Blackspot/b (95).png,256,256
b (175).png,Blackspot,/home/rguktong/Desktop/citrus_severity_project/data/raw_images/Blackspot/b (175).png,256,256
b (282).png,Blackspot,/home/rguktong/Desktop/citrus_severity_project/data/raw_images/Blackspot/b (282).png,256,256
b (238).png,Blackspot,/home/rguktong/Desktop/citrus_severity_project/data/raw_images/Blackspot/b (238).png,256,256
78.jpg,Blackspot,/home/rguktong/Desktop/citrus_severity_project/data/raw_images/Blackspot/78.jpg,1520,1417
b (134).png,Blackspot,/home/rguktong/Desktop/citrus_severity_project/data/raw_images/Blackspot/b (134).png,256,256
b (271).png,Blackspot,/home/rguktong/Desktop/citrus_severity_project/data/raw_images/Blackspot/b (271).png,256,256
b (267).png,Blackspot,/home/rguktong/Desktop/citrus_severity_project/data/raw_images/Blackspot/b (267).png,256,256
b (274).png,Blackspot,/home/rguktong/Desktop/citrus_severity_project/data/raw_images/Blackspot/b (274).png,256,256
b (35).png,Blackspot,/home/rguktong/Desktop/citrus_severity_project/data/raw_images/Blackspot/b (35).png,256,256
b (234).png,Blackspot,/home/rguktong/Desktop/citrus_severity_project/data/raw_images/Blackspot/b (234).png,256,256
b (68).png,Blackspot,/home/rguktong/Desktop/citrus_severity_project/data/raw_images/Blackspot/b (68).png,256,256
b (45).png,Blackspot,/home/rguktong/Desktop/citrus_severity_project/data/raw_images/Blackspot/b (45).png,256,256
b (188).png,Blackspot,/home/rguktong/Desktop/citrus_severity_project/data/raw_images/Blackspot/b (188).png,256,256
b (226).png,Blackspot,/home/rguktong/Desktop/citrus_severity_project/data/raw_images/Blackspot/b (226).png,256,256
b (48).png,Blackspot,/home/rguktong/Desktop/citrus_severity_project/data/raw_images/Blackspot/b (48).png,256,256
b (177).png,Blackspot,/home/rguktong/Desktop/citrus_severity_project/data/raw_images/Blackspot/b (177).png,256,256
b (87).png,Blackspot,/home/rguktong/Desktop/citrus_severity_project/data/raw_images/Blackspot/b (87).png,256,256
b (277).png,Blackspot,/home/rguktong/Desktop/citrus_severity_project/data/raw_images/Blackspot/b (277).png,256,256
b (21).png,Blackspot,/home/rguktong/Desktop/citrus_severity_project/data/raw_images/Blackspot/b (21).png,256,256
b (165).png,Blackspot,/home/rguktong/Desktop/citrus_severity_project/data/raw_images/Blackspot/b (165).png,256,256
b (164).png,Blackspot,/home/rguktong/Desktop/citrus_severity_project/data/raw_images/Blackspot/b (164).png,256,256
b (275).png,Blackspot,/home/rguktong/Desktop/citrus_severity_project/data/raw_images/Blackspot/b (275).png,256,256
b (78).png,Blackspot,/home/rguktong/Desktop/citrus_severity_project/data/raw_images/Blackspot/b (78).png,256,256
b (190).png,Blackspot,/home/rguktong/Desktop/citrus_severity_project/data/raw_images/Blackspot/b (190).png,256,256
b (55).png,Blackspot,/home/rguktong/Desktop/citrus_severity_project/data/raw_images/Blackspot/b (55).png,256,256
b (98).png,Blackspot,/home/rguktong/Desktop/citrus_severity_project/data/raw_images/Blackspot/b (98).png,256,256
b (70).png,Blackspot,/home/rguktong/Desktop/citrus_severity_project/data/raw_images/Blackspot/b (70).png,256,256
b (223).png,Blackspot,/home/rguktong/Desktop/citrus_severity_project/data/raw_images/Blackspot/b (223).png,256,256
b (140).png,Blackspot,/home/rguktong/Desktop/citrus_severity_project/data/raw_images/Blackspot/b (140).png,256,256
b (40).png,Blackspot,/home/rguktong/Desktop/citrus_severity_project/data/raw_images/Blackspot/b (40).png,256,256
b (265).png,Blackspot,/home/rguktong/Desktop/citrus_severity_project/data/raw_images/Blackspot/b (265).png,256,256
b (50).png,Blackspot,/home/rguktong/Desktop/citrus_severity_project/data/raw_images/Blackspot/b (50).png,256,256
b (232).png,Blackspot,/home/rguktong/Desktop/citrus_severity_project/data/raw_images/Blackspot/b (232).png,256,256
b (263).png,Blackspot,/home/rguktong/Desktop/citrus_severity_project/data/raw_images/Blackspot/b (263).png,256,256
b (209).png,Blackspot,/home/rguktong/Desktop/citrus_severity_project/data/raw_images/Blackspot/b (209).png,256,256
b (193).png,Blackspot,/home/rguktong/Desktop/citrus_severity_project/data/raw_images/Blackspot/b (193).png,256,256
b (154).png,Blackspot,/home/rguktong/Desktop/citrus_severity_project/data/raw_images/Blackspot/b (154).png,256,256
b (266).png,Blackspot,/home/rguktong/Desktop/citrus_severity_project/data/raw_images/Blackspot/b (266).png,256,256
b (182).png,Blackspot,/home/rguktong/Desktop/citrus_severity_project/data/raw_images/Blackspot/b (182).png,256,256
b (85).png,Blackspot,/home/rguktong/Desktop/citrus_severity_project/data/raw_images/Blackspot/b (85).png,256,256
b (167).png,Blackspot,/home/rguktong/Desktop/citrus_severity_project/data/raw_images/Blackspot/b (167).png,256,256
b (2).png,Blackspot,/home/rguktong/Desktop/citrus_severity_project/data/raw_images/Blackspot/b (2).png,256,256
b (83).png,Blackspot,/home/rguktong/Desktop/citrus_severity_project/data/raw_images/Blackspot/b (83).png,256,256
b (75).png,Blackspot,/home/rguktong/Desktop/citrus_severity_project/data/raw_images/Blackspot/b (75).png,256,256
b (262).png,Blackspot,/home/rguktong/Desktop/citrus_severity_project/data/raw_images/Blackspot/b (262).png,256,256
b (236).png,Blackspot,/home/rguktong/Desktop/citrus_severity_project/data/raw_images/Blackspot/b (236).png,256,256
b (189).png,Blackspot,/home/rguktong/Desktop/citrus_severity_project/data/raw_images/Blackspot/b (189).png,256,256
b (168).png,Blackspot,/home/rguktong/Desktop/citrus_severity_project/data/raw_images/Blackspot/b (168).png,256,256
b (92).png,Blackspot,/home/rguktong/Desktop/citrus_severity_project/data/raw_images/Blackspot/b (92).png,256,256
b (181).png,Blackspot,/home/rguktong/Desktop/citrus_severity_project/data/raw_images/Blackspot/b (181).png,256,256
b (53).png,Blackspot,/home/rguktong/Desktop/citrus_severity_project/data/raw_images/Blackspot/b (53).png,256,256
b (166).png,Blackspot,/home/rguktong/Desktop/citrus_severity_project/data/raw_images/Blackspot/b (166).png,256,256
b (151).png,Blackspot,/home/rguktong/Desktop/citrus_severity_project/data/raw_images/Blackspot/b (151).png,256,256
b (224).png,Blackspot,/home/rguktong/Desktop/citrus_severity_project/data/raw_images/Blackspot/b (224).png,256,256
b (231).png,Blackspot,/home/rguktong/Desktop/citrus_severity_project/data/raw_images/Blackspot/b (231).png,256,256
b (269).png,Blackspot,/home/rguktong/Desktop/citrus_severity_project/data/raw_images/Blackspot/b (269).png,256,256
b (202).png,Blackspot,/home/rguktong/Desktop/citrus_severity_project/data/raw_images/Blackspot/b (202).png,256,256
bl (6).png,Blackspot,/home/rguktong/Desktop/citrus_severity_project/data/raw_images/Blackspot/bl (6).png,256,256
b (58).png,Blackspot,/home/rguktong/Desktop/citrus_severity_project/data/raw_images/Blackspot/b (58).png,256,256
b (229).png,Blackspot,/home/rguktong/Desktop/citrus_severity_project/data/raw_images/Blackspot/b (229).png,256,256
b (67).png,Blackspot,/home/rguktong/Desktop/citrus_severity_project/data/raw_images/Blackspot/b (67).png,256,256
b (23).png,Blackspot,/home/rguktong/Desktop/citrus_severity_project/data/raw_images/Blackspot/b (23).png,256,256
b (242).png,Blackspot,/home/rguktong/Desktop/citrus_severity_project/data/raw_images/Blackspot/b (242).png,256,256
b (276).png,Blackspot,/home/rguktong/Desktop/citrus_severity_project/data/raw_images/Blackspot/b (276).png,256,256
b (195).png,Blackspot,/home/rguktong/Desktop/citrus_severity_project/data/raw_images/Blackspot/b (195).png,256,256
b (230).png,Blackspot,/home/rguktong/Desktop/citrus_severity_project/data/raw_images/Blackspot/b (230).png,256,256
b (61).png,Blackspot,/home/rguktong/Desktop/citrus_severity_project/data/raw_images/Blackspot/b (61).png,256,256
b (186).png,Blackspot,/home/rguktong/Desktop/citrus_severity_project/data/raw_images/Blackspot/b (186).png,256,256
b (191).png,Blackspot,/home/rguktong/Desktop/citrus_severity_project/data/raw_images/Blackspot/b (191).png,256,256
b (264).png,Blackspot,/home/rguktong/Desktop/citrus_severity_project/data/raw_images/Blackspot/b (264).png,256,256
b (174).png,Blackspot,/home/rguktong/Desktop/citrus_severity_project/data/raw_images/Blackspot/b (174).png,256,256
b (173).png,Blackspot,/home/rguktong/Desktop/citrus_severity_project/data/raw_images/Blackspot/b (173).png,256,256
bl (2).png,Blackspot,/home/rguktong/Desktop/citrus_severity_project/data/raw_images/Blackspot/bl (2).png,256,256
b (62).png,Blackspot,/home/rguktong/Desktop/citrus_severity_project/data/raw_images/Blackspot/b (62).png,256,256
b (250).png,Blackspot,/home/rguktong/Desktop/citrus_severity_project/data/raw_images/Blackspot/b (250).png,256,256
b (237).png,Blackspot,/home/rguktong/Desktop/citrus_severity_project/data/raw_images/Blackspot/b (237).png,256,256
b (150).png,Blackspot,/home/rguktong/Desktop/citrus_severity_project/data/raw_images/Blackspot/b (150).png,256,256
b (57).png,Blackspot,/home/rguktong/Desktop/citrus_severity_project/data/raw_images/Blackspot/b (57).png,256,256
b (257).png,Blackspot,/home/rguktong/Desktop/citrus_severity_project/data/raw_images/Blackspot/b (257).png,256,256
b (69).png,Blackspot,/home/rguktong/Desktop/citrus_severity_project/data/raw_images/Blackspot/b (69).png,256,256
b (46).png,Blackspot,/home/rguktong/Desktop/citrus_severity_project/data/raw_images/Blackspot/b (46).png,256,256
b (42).png,Blackspot,/home/rguktong/Desktop/citrus_severity_project/data/raw_images/Blackspot/b (42).png,256,256
b (47).png,Blackspot,/home/rguktong/Desktop/citrus_severity_project/data/raw_images/Blackspot/b (47).png,256,256
b (86).png,Blackspot,/home/rguktong/Desktop/citrus_severity_project/data/raw_images/Blackspot/b (86).png,256,256
b (148).png,Blackspot,/home/rguktong/Desktop/citrus_severity_project/data/raw_images/Blackspot/b (148).png,256,256
b (259).png,Blackspot,/home/rguktong/Desktop/citrus_severity_project/data/raw_images/Blackspot/b (259).png,256,256
b (56).png,Blackspot,/home/rguktong/Desktop/citrus_severity_project/data/raw_images/Blackspot/b (56).png,256,256
b (169).png,Blackspot,/home/rguktong/Desktop/citrus_severity_project/data/raw_images/Blackspot/b (169).png,256,256
b (155).png,Blackspot,/home/rguktong/Desktop/citrus_severity_project/data/raw_images/Blackspot/b (155).png,256,256
b (60).png,Blackspot,/home/rguktong/Desktop/citrus_severity_project/data/raw_images/Blackspot/b (60).png,256,256
b (221).png,Blackspot,/home/rguktong/Desktop/citrus_severity_project/data/raw_images/Blackspot/b (221).png,256,256
b (205).png,Blackspot,/home/rguktong/Desktop/citrus_severity_project/data/raw_images/Blackspot/b (205).png,256,256
b (241).png,Blackspot,/home/rguktong/Desktop/citrus_severity_project/data/raw_images/Blackspot/b (241).png,256,256
b (203).png,Blackspot,/home/rguktong/Desktop/citrus_severity_project/data/raw_images/Blackspot/b (203).png,256,256
b (162).png,Blackspot,/home/rguktong/Desktop/citrus_severity_project/data/raw_images/Blackspot/b (162).png,256,256
b (94).png,Blackspot,/home/rguktong/Desktop/citrus_severity_project/data/raw_images/Blackspot/b (94).png,256,256
b (244).png,Blackspot,/home/rguktong/Desktop/citrus_severity_project/data/raw_images/Blackspot/b (244).png,256,256
b (243).png,Blackspot,/home/rguktong/Desktop/citrus_severity_project/data/raw_images/Blackspot/b (243).png,256,256
b (76).png,Blackspot,/home/rguktong/Desktop/citrus_severity_project/data/raw_images/Blackspot/b (76).png,256,256
b (14).png,Blackspot,/home/rguktong/Desktop/citrus_severity_project/data/raw_images/Blackspot/b (14).png,256,256
b (170).png,Blackspot,/home/rguktong/Desktop/citrus_severity_project/data/raw_images/Blackspot/b (170).png,256,256
b (207).png,Blackspot,/home/rguktong/Desktop/citrus_severity_project/data/raw_images/Blackspot/b (207).png,256,256
b (270).png,Blackspot,/home/rguktong/Desktop/citrus_severity_project/data/raw_images/Blackspot/b (270).png,256,256
b (233).png,Blackspot,/home/rguktong/Desktop/citrus_severity_project/data/raw_images/Blackspot/b (233).png,256,256
48.pn.png,Healthy,/home/rguktong/Desktop/citrus_severity_project/data/raw_images/Healthy/48.pn.png,256,256
57.pn.png,Healthy,/home/rguktong/Desktop/citrus_severity_project/data/raw_images/Healthy/57.pn.png,256,256
42.pn.png,Healthy,/home/rguktong/Desktop/citrus_severity_project/data/raw_images/Healthy/42.pn.png,256,256
27.pn.png,Healthy,/home/rguktong/Desktop/citrus_severity_project/data/raw_images/Healthy/27.pn.png,256,256
33.pn.png,Healthy,/home/rguktong/Desktop/citrus_severity_project/data/raw_images/Healthy/33.pn.png,256,256
31.pn.png,Healthy,/home/rguktong/Desktop/citrus_severity_project/data/raw_images/Healthy/31.pn.png,256,256
6.png.png,Healthy,/home/rguktong/Desktop/citrus_severity_project/data/raw_images/Healthy/6.png.png,256,256
54.pn.png,Healthy,/home/rguktong/Desktop/citrus_severity_project/data/raw_images/Healthy/54.pn.png,256,256
53.pn.png,Healthy,/home/rguktong/Desktop/citrus_severity_project/data/raw_images/Healthy/53.pn.png,256,256
14.pn.png,Healthy,/home/rguktong/Desktop/citrus_severity_project/data/raw_images/Healthy/14.pn.png,256,256
56.pn.png,Healthy,/home/rguktong/Desktop/citrus_severity_project/data/raw_images/Healthy/56.pn.png,256,256
46.pn.png,Healthy,/home/rguktong/Desktop/citrus_severity_project/data/raw_images/Healthy/46.pn.png,256,256
58.pn.png,Healthy,/home/rguktong/Desktop/citrus_severity_project/data/raw_images/Healthy/58.pn.png,256,256
41.pn.png,Healthy,/home/rguktong/Desktop/citrus_severity_project/data/raw_images/Healthy/41.pn.png,256,256
17.pn.png,Healthy,/home/rguktong/Desktop/citrus_severity_project/data/raw_images/Healthy/17.pn.png,256,256
49.pn.png,Healthy,/home/rguktong/Desktop/citrus_severity_project/data/raw_images/Healthy/49.pn.png,256,256
44.pn.png,Healthy,/home/rguktong/Desktop/citrus_severity_project/data/raw_images/Healthy/44.pn.png,256,256
22.pn.png,Healthy,/home/rguktong/Desktop/citrus_severity_project/data/raw_images/Healthy/22.pn.png,256,256
20.pn.png,Healthy,/home/rguktong/Desktop/citrus_severity_project/data/raw_images/Healthy/20.pn.png,256,256
34.pn.png,Healthy,/home/rguktong/Desktop/citrus_severity_project/data/raw_images/Healthy/34.pn.png,256,256
39.pn.png,Healthy,/home/rguktong/Desktop/citrus_severity_project/data/raw_images/Healthy/39.pn.png,256,256
2.png.png,Healthy,/home/rguktong/Desktop/citrus_severity_project/data/raw_images/Healthy/2.png.png,256,256
19.pn.png,Healthy,/home/rguktong/Desktop/citrus_severity_project/data/raw_images/Healthy/19.pn.png,256,256
50.pn.png,Healthy,/home/rguktong/Desktop/citrus_severity_project/data/raw_images/Healthy/50.pn.png,256,256
45.pn.png,Healthy,/home/rguktong/Desktop/citrus_severity_project/data/raw_images/Healthy/45.pn.png,256,256
16.pn.png,Healthy,/home/rguktong/Desktop/citrus_severity_project/data/raw_images/Healthy/16.pn.png,256,256
13.pn.png,Healthy,/home/rguktong/Desktop/citrus_severity_project/data/raw_images/Healthy/13.pn.png,256,256
29.pn.png,Healthy,/home/rguktong/Desktop/citrus_severity_project/data/raw_images/Healthy/29.pn.png,256,256
3.png.png,Healthy,/home/rguktong/Desktop/citrus_severity_project/data/raw_images/Healthy/3.png.png,256,256
25.pn.png,Healthy,/home/rguktong/Desktop/citrus_severity_project/data/raw_images/Healthy/25.pn.png,256,256
35.pn.png,Healthy,/home/rguktong/Desktop/citrus_severity_project/data/raw_images/Healthy/35.pn.png,256,256
15.pn.png,Healthy,/home/rguktong/Desktop/citrus_severity_project/data/raw_images/Healthy/15.pn.png,256,256
9.png.png,Healthy,/home/rguktong/Desktop/citrus_severity_project/data/raw_images/Healthy/9.png.png,256,256
5.png.png,Healthy,/home/rguktong/Desktop/citrus_severity_project/data/raw_images/Healthy/5.png.png,256,256
12.pn.png,Healthy,/home/rguktong/Desktop/citrus_severity_project/data/raw_images/Healthy/12.pn.png,256,256
1.png.png,Healthy,/home/rguktong/Desktop/citrus_severity_project/data/raw_images/Healthy/1.png.png,256,256
37.pn.png,Healthy,/home/rguktong/Desktop/citrus_severity_project/data/raw_images/Healthy/37.pn.png,256,256
51.pn.png,Healthy,/home/rguktong/Desktop/citrus_severity_project/data/raw_images/Healthy/51.pn.png,256,256
8.png.png,Healthy,/home/rguktong/Desktop/citrus_severity_project/data/raw_images/Healthy/8.png.png,256,256
18.pn.png,Healthy,/home/rguktong/Desktop/citrus_severity_project/data/raw_images/Healthy/18.pn.png,256,256
30.pn.png,Healthy,/home/rguktong/Desktop/citrus_severity_project/data/raw_images/Healthy/30.pn.png,256,256
52.pn.png,Healthy,/home/rguktong/Desktop/citrus_severity_project/data/raw_images/Healthy/52.pn.png,256,256
23.pn.png,Healthy,/home/rguktong/Desktop/citrus_severity_project/data/raw_images/Healthy/23.pn.png,256,256
24.pn.png,Healthy,/home/rguktong/Desktop/citrus_severity_project/data/raw_images/Healthy/24.pn.png,256,256
36.pn.png,Healthy,/home/rguktong/Desktop/citrus_severity_project/data/raw_images/Healthy/36.pn.png,256,256
11.pn.png,Healthy,/home/rguktong/Desktop/citrus_severity_project/data/raw_images/Healthy/11.pn.png,256,256
43.pn.png,Healthy,/home/rguktong/Desktop/citrus_severity_project/data/raw_images/Healthy/43.pn.png,256,256
28.pn.png,Healthy,/home/rguktong/Desktop/citrus_severity_project/data/raw_images/Healthy/28.pn.png,256,256
32.pn.png,Healthy,/home/rguktong/Desktop/citrus_severity_project/data/raw_images/Healthy/32.pn.png,256,256
26.pn.png,Healthy,/home/rguktong/Desktop/citrus_severity_project/data/raw_images/Healthy/26.pn.png,256,256
7.png.png,Healthy,/home/rguktong/Desktop/citrus_severity_project/data/raw_images/Healthy/7.png.png,256,256
38.pn.png,Healthy,/home/rguktong/Desktop/citrus_severity_project/data/raw_images/Healthy/38.pn.png,256,256
10.pn.png,Healthy,/home/rguktong/Desktop/citrus_severity_project/data/raw_images/Healthy/10.pn.png,256,256
55.pn.png,Healthy,/home/rguktong/Desktop/citrus_severity_project/data/raw_images/Healthy/55.pn.png,256,256
4.png.png,Healthy,/home/rguktong/Desktop/citrus_severity_project/data/raw_images/Healthy/4.png.png,256,256
47.pn.png,Healthy,/home/rguktong/Desktop/citrus_severity_project/data/raw_images/Healthy/47.pn.png,256,256
40.pn.png,Healthy,/home/rguktong/Desktop/citrus_severity_project/data/raw_images/Healthy/40.pn.png,256,256
21.pn.png,Healthy,/home/rguktong/Desktop/citrus_severity_project/data/raw_images/Healthy/21.pn.png,256,256
SAM_3937Catla.jpg,Melanose,/home/rguktong/Desktop/citrus_severity_project/data/raw_images/Melanose/SAM_3937Catla.jpg,256,256
SAM_3928Catla.jpg,Melanose,/home/rguktong/Desktop/citrus_severity_project/data/raw_images/Melanose/SAM_3928Catla.jpg,256,256
SAM_3927Catla.jpg,Melanose,/home/rguktong/Desktop/citrus_severity_project/data/raw_images/Melanose/SAM_3927Catla.jpg,256,256
142.jpg,Melanose,/home/rguktong/Desktop/citrus_severity_project/data/raw_images/Melanose/142.jpg,453,483
33.jpg,Melanose,/home/rguktong/Desktop/citrus_severity_project/data/raw_images/Melanose/33.jpg,1890,1417
34.jpg,Melanose,/home/rguktong/Desktop/citrus_severity_project/data/raw_images/Melanose/34.jpg,1890,1417
38.jpg,Melanose,/home/rguktong/Desktop/citrus_severity_project/data/raw_images/Melanose/38.jpg,1890,1417
SAM_4840Catla.jpg,Melanose,/home/rguktong/Desktop/citrus_severity_project/data/raw_images/Melanose/SAM_4840Catla.jpg,256,256
32.jpg,Melanose,/home/rguktong/Desktop/citrus_severity_project/data/raw_images/Melanose/32.jpg,1890,1417
146.jpg,Melanose,/home/rguktong/Desktop/citrus_severity_project/data/raw_images/Melanose/146.jpg,642,385
SAM_3938Catla.jpg,Melanose,/home/rguktong/Desktop/citrus_severity_project/data/raw_images/Melanose/SAM_3938Catla.jpg,256,256
SAM_3941Catla.jpg,Melanose,/home/rguktong/Desktop/citrus_severity_project/data/raw_images/Melanose/SAM_3941Catla.jpg,256,256
SAM_3929Catla.jpg,Melanose,/home/rguktong/Desktop/citrus_severity_project/data/raw_images/Melanose/SAM_3929Catla.jpg,256,256
g (91).png,Greening,/home/rguktong/Desktop/citrus_severity_project/data/raw_images/Greening/g (91).png,256,256
g (144).png,Greening,/home/rguktong/Desktop/citrus_severity_project/data/raw_images/Greening/g (144).png,256,256
g (188).png,Greening,/home/rguktong/Desktop/citrus_severity_project/data/raw_images/Greening/g (188).png,256,256
g (123).png,Greening,/home/rguktong/Desktop/citrus_severity_project/data/raw_images/Greening/g (123).png,256,256
g (47).png,Greening,/home/rguktong/Desktop/citrus_severity_project/data/raw_images/Greening/g (47).png,256,256
g (17).png,Greening,/home/rguktong/Desktop/citrus_severity_project/data/raw_images/Greening/g (17).png,256,256
g (145).png,Greening,/home/rguktong/Desktop/citrus_severity_project/data/raw_images/Greening/g (145).png,256,256
g (92).png,Greening,/home/rguktong/Desktop/citrus_severity_project/data/raw_images/Greening/g (92).png,256,256
g (3).png,Greening,/home/rguktong/Desktop/citrus_severity_project/data/raw_images/Greening/g (3).png,256,256
g (118).png,Greening,/home/rguktong/Desktop/citrus_severity_project/data/raw_images/Greening/g (118).png,256,256
g (12).png,Greening,/home/rguktong/Desktop/citrus_severity_project/data/raw_images/Greening/g (12).png,256,256
g (2).png,Greening,/home/rguktong/Desktop/citrus_severity_project/data/raw_images/Greening/g (2).png,256,256
g (11).png,Greening,/home/rguktong/Desktop/citrus_severity_project/data/raw_images/Greening/g (11).png,256,256
g (115).png,Greening,/home/rguktong/Desktop/citrus_severity_project/data/raw_images/Greening/g (115).png,256,256
g (6).png,Greening,/home/rguktong/Desktop/citrus_severity_project/data/raw_images/Greening/g (6).png,256,256
g (151).png,Greening,/home/rguktong/Desktop/citrus_severity_project/data/raw_images/Greening/g (151).png,256,256
g (136).png,Greening,/home/rguktong/Desktop/citrus_severity_project/data/raw_images/Greening/g (136).png,256,256
g (112).png,Greening,/home/rguktong/Desktop/citrus_severity_project/data/raw_images/Greening/g (112).png,256,256
g (149).png,Greening,/home/rguktong/Desktop/citrus_severity_project/data/raw_images/Greening/g (149).png,256,256
g (141).png,Greening,/home/rguktong/Desktop/citrus_severity_project/data/raw_images/Greening/g (141).png,256,256
g (71).png,Greening,/home/rguktong/Desktop/citrus_severity_project/data/raw_images/Greening/g (71).png,256,256
g (204).png,Greening,/home/rguktong/Desktop/citrus_severity_project/data/raw_images/Greening/g (204).png,256,256
g (4).png,Greening,/home/rguktong/Desktop/citrus_severity_project/data/raw_images/Greening/g (4).png,256,256
g (38).png,Greening,/home/rguktong/Desktop/citrus_severity_project/data/raw_images/Greening/g (38).png,256,256
g (176).png,Greening,/home/rguktong/Desktop/citrus_severity_project/data/raw_images/Greening/g (176).png,256,256
g (46).png,Greening,/home/rguktong/Desktop/citrus_severity_project/data/raw_images/Greening/g (46).png,256,256
g (130).png,Greening,/home/rguktong/Desktop/citrus_severity_project/data/raw_images/Greening/g (130).png,256,256
g (154).png,Greening,/home/rguktong/Desktop/citrus_severity_project/data/raw_images/Greening/g (154).png,256,256
g (187).png,Greening,/home/rguktong/Desktop/citrus_severity_project/data/raw_images/Greening/g (187).png,256,256
g (169).png,Greening,/home/rguktong/Desktop/citrus_severity_project/data/raw_images/Greening/g (169).png,256,256
g (28).png,Greening,/home/rguktong/Desktop/citrus_severity_project/data/raw_images/Greening/g (28).png,256,256
g (104).png,Greening,/home/rguktong/Desktop/citrus_severity_project/data/raw_images/Greening/g (104).png,256,256
g (196).png,Greening,/home/rguktong/Desktop/citrus_severity_project/data/raw_images/Greening/g (196).png,256,256
g (178).png,Greening,/home/rguktong/Desktop/citrus_severity_project/data/raw_images/Greening/g (178).png,256,256
g (171).png,Greening,/home/rguktong/Desktop/citrus_severity_project/data/raw_images/Greening/g (171).png,256,256
g (54).png,Greening,/home/rguktong/Desktop/citrus_severity_project/data/raw_images/Greening/g (54).png,256,256
g (190).png,Greening,/home/rguktong/Desktop/citrus_severity_project/data/raw_images/Greening/g (190).png,256,256
g (179).png,Greening,/home/rguktong/Desktop/citrus_severity_project/data/raw_images/Greening/g (179).png,256,256
g (124).png,Greening,/home/rguktong/Desktop/citrus_severity_project/data/raw_images/Greening/g (124).png,256,256
g (142).png,Greening,/home/rguktong/Desktop/citrus_severity_project/data/raw_images/Greening/g (142).png,256,256
g (93).png,Greening,/home/rguktong/Desktop/citrus_severity_project/data/raw_images/Greening/g (93).png,256,256
g (64).png,Greening,/home/rguktong/Desktop/citrus_severity_project/data/raw_images/Greening/g (64).png,256,256
g (75).png,Greening,/home/rguktong/Desktop/citrus_severity_project/data/raw_images/Greening/g (75).png,256,256
g (200).png,Greening,/home/rguktong/Desktop/citrus_severity_project/data/raw_images/Greening/g (200).png,256,256
g (83).png,Greening,/home/rguktong/Desktop/citrus_severity_project/data/raw_images/Greening/g (83).png,256,256
g (127).png,Greening,/home/rguktong/Desktop/citrus_severity_project/data/raw_images/Greening/g (127).png,256,256
g (157).png,Greening,/home/rguktong/Desktop/citrus_severity_project/data/raw_images/Greening/g (157).png,256,256
g (180).png,Greening,/home/rguktong/Desktop/citrus_severity_project/data/raw_images/Greening/g (180).png,256,256
g (138).png,Greening,/home/rguktong/Desktop/citrus_severity_project/data/raw_images/Greening/g (138).png,256,256
g (185).png,Greening,/home/rguktong/Desktop/citrus_severity_project/data/raw_images/Greening/g (185).png,256,256
g (107).png,Greening,/home/rguktong/Desktop/citrus_severity_project/data/raw_images/Greening/g (107).png,256,256
g (72).png,Greening,/home/rguktong/Desktop/citrus_severity_project/data/raw_images/Greening/g (72).png,256,256
g (57).png,Greening,/home/rguktong/Desktop/citrus_severity_project/data/raw_images/Greening/g (57).png,256,256
g (87).png,Greening,/home/rguktong/Desktop/citrus_severity_project/data/raw_images/Greening/g (87).png,256,256
g (100).png,Greening,/home/rguktong/Desktop/citrus_severity_project/data/raw_images/Greening/g (100).png,256,256
g (152).png,Greening,/home/rguktong/Desktop/citrus_severity_project/data/raw_images/Greening/g (152).png,256,256
g (134).png,Greening,/home/rguktong/Desktop/citrus_severity_project/data/raw_images/Greening/g (134).png,256,256
g (66).png,Greening,/home/rguktong/Desktop/citrus_severity_project/data/raw_images/Greening/g (66).png,256,256
g (162).png,Greening,/home/rguktong/Desktop/citrus_severity_project/data/raw_images/Greening/g (162).png,256,256
g (31).png,Greening,/home/rguktong/Desktop/citrus_severity_project/data/raw_images/Greening/g (31).png,256,256
g (126).png,Greening,/home/rguktong/Desktop/citrus_severity_project/data/raw_images/Greening/g (126).png,256,256
g (53).png,Greening,/home/rguktong/Desktop/citrus_severity_project/data/raw_images/Greening/g (53).png,256,256
g (148).png,Greening,/home/rguktong/Desktop/citrus_severity_project/data/raw_images/Greening/g (148).png,256,256
g (165).png,Greening,/home/rguktong/Desktop/citrus_severity_project/data/raw_images/Greening/g (165).png,256,256
g (111).png,Greening,/home/rguktong/Desktop/citrus_severity_project/data/raw_images/Greening/g (111).png,256,256
g (131).png,Greening,/home/rguktong/Desktop/citrus_severity_project/data/raw_images/Greening/g (131).png,256,256
g (170).png,Greening,/home/rguktong/Desktop/citrus_severity_project/data/raw_images/Greening/g (170).png,256,256
g (62).png,Greening,/home/rguktong/Desktop/citrus_severity_project/data/raw_images/Greening/g (62).png,256,256
g (108).png,Greening,/home/rguktong/Desktop/citrus_severity_project/data/raw_images/Greening/g (108).png,256,256
g (88).png,Greening,/home/rguktong/Desktop/citrus_severity_project/data/raw_images/Greening/g (88).png,256,256
g (202).png,Greening,/home/rguktong/Desktop/citrus_severity_project/data/raw_images/Greening/g (202).png,256,256
g (70).png,Greening,/home/rguktong/Desktop/citrus_severity_project/data/raw_images/Greening/g (70).png,256,256
g (26).png,Greening,/home/rguktong/Desktop/citrus_severity_project/data/raw_images/Greening/g (26).png,256,256
g (19).png,Greening,/home/rguktong/Desktop/citrus_severity_project/data/raw_images/Greening/g (19).png,256,256
g (69).png,Greening,/home/rguktong/Desktop/citrus_severity_project/data/raw_images/Greening/g (69).png,256,256
g (133).png,Greening,/home/rguktong/Desktop/citrus_severity_project/data/raw_images/Greening/g (133).png,256,256
g (156).png,Greening,/home/rguktong/Desktop/citrus_severity_project/data/raw_images/Greening/g (156).png,256,256
g (116).png,Greening,/home/rguktong/Desktop/citrus_severity_project/data/raw_images/Greening/g (116).png,256,256
g (25).png,Greening,/home/rguktong/Desktop/citrus_severity_project/data/raw_images/Greening/g (25).png,256,256
g (182).png,Greening,/home/rguktong/Desktop/citrus_severity_project/data/raw_images/Greening/g (182).png,256,256
g (36).png,Greening,/home/rguktong/Desktop/citrus_severity_project/data/raw_images/Greening/g (36).png,256,256
g (146).png,Greening,/home/rguktong/Desktop/citrus_severity_project/data/raw_images/Greening/g (146).png,256,256
g (94).png,Greening,/home/rguktong/Desktop/citrus_severity_project/data/raw_images/Greening/g (94).png,256,256
g (201).png,Greening,/home/rguktong/Desktop/citrus_severity_project/data/raw_images/Greening/g (201).png,256,256
g (174).png,Greening,/home/rguktong/Desktop/citrus_severity_project/data/raw_images/Greening/g (174).png,256,256
g (168).png,Greening,/home/rguktong/Desktop/citrus_severity_project/data/raw_images/Greening/g (168).png,256,256
g (99).png,Greening,/home/rguktong/Desktop/citrus_severity_project/data/raw_images/Greening/g (99).png,256,256
g (48).png,Greening,/home/rguktong/Desktop/citrus_severity_project/data/raw_images/Greening/g (48).png,256,256
g (198).png,Greening,/home/rguktong/Desktop/citrus_severity_project/data/raw_images/Greening/g (198).png,256,256
g (39).png,Greening,/home/rguktong/Desktop/citrus_severity_project/data/raw_images/Greening/g (39).png,256,256
g (58).png,Greening,/home/rguktong/Desktop/citrus_severity_project/data/raw_images/Greening/g (58).png,256,256
g (30).png,Greening,/home/rguktong/Desktop/citrus_severity_project/data/raw_images/Greening/g (30).png,256,256
g (184).png,Greening,/home/rguktong/Desktop/citrus_severity_project/data/raw_images/Greening/g (184).png,256,256
g (52).png,Greening,/home/rguktong/Desktop/citrus_severity_project/data/raw_images/Greening/g (52).png,256,256
g (73).png,Greening,/home/rguktong/Desktop/citrus_severity_project/data/raw_images/Greening/g (73).png,256,256
g (120).png,Greening,/home/rguktong/Desktop/citrus_severity_project/data/raw_images/Greening/g (120).png,256,256
g (101).png,Greening,/home/rguktong/Desktop/citrus_severity_project/data/raw_images/Greening/g (101).png,256,256
g (183).png,Greening,/home/rguktong/Desktop/citrus_severity_project/data/raw_images/Greening/g (183).png,256,256
g (163).png,Greening,/home/rguktong/Desktop/citrus_severity_project/data/raw_images/Greening/g (163).png,256,256
g (9).png,Greening,/home/rguktong/Desktop/citrus_severity_project/data/raw_images/Greening/g (9).png,256,256
g (132).png,Greening,/home/rguktong/Desktop/citrus_severity_project/data/raw_images/Greening/g (132).png,256,256
g (49).png,Greening,/home/rguktong/Desktop/citrus_severity_project/data/raw_images/Greening/g (49).png,256,256
g (90).png,Greening,/home/rguktong/Desktop/citrus_severity_project/data/raw_images/Greening/g (90).png,256,256
g (194).png,Greening,/home/rguktong/Desktop/citrus_severity_project/data/raw_images/Greening/g (194).png,256,256
g (109).png,Greening,/home/rguktong/Desktop/citrus_severity_project/data/raw_images/Greening/g (109).png,256,256
g (128).png,Greening,/home/rguktong/Desktop/citrus_severity_project/data/raw_images/Greening/g (128).png,256,256
g (105).png,Greening,/home/rguktong/Desktop/citrus_severity_project/data/raw_images/Greening/g (105).png,256,256
g (147).png,Greening,/home/rguktong/Desktop/citrus_severity_project/data/raw_images/Greening/g (147).png,256,256
g (129).png,Greening,/home/rguktong/Desktop/citrus_severity_project/data/raw_images/Greening/g (129).png,256,256
g (158).png,Greening,/home/rguktong/Desktop/citrus_severity_project/data/raw_images/Greening/g (158).png,256,256
g (181).png,Greening,/home/rguktong/Desktop/citrus_severity_project/data/raw_images/Greening/g (181).png,256,256
g (143).png,Greening,/home/rguktong/Desktop/citrus_severity_project/data/raw_images/Greening/g (143).png,256,256
g (76).png,Greening,/home/rguktong/Desktop/citrus_severity_project/data/raw_images/Greening/g (76).png,256,256
g (74).png,Greening,/home/rguktong/Desktop/citrus_severity_project/data/raw_images/Greening/g (74).png,256,256
g (191).png,Greening,/home/rguktong/Desktop/citrus_severity_project/data/raw_images/Greening/g (191).png,256,256
g (22).png,Greening,/home/rguktong/Desktop/citrus_severity_project/data/raw_images/Greening/g (22).png,256,256
g (35).png,Greening,/home/rguktong/Desktop/citrus_severity_project/data/raw_images/Greening/g (35).png,256,256
g (5).png,Greening,/home/rguktong/Desktop/citrus_severity_project/data/raw_images/Greening/g (5).png,256,256
g (140).png,Greening,/home/rguktong/Desktop/citrus_severity_project/data/raw_images/Greening/g (140).png,256,256
g (177).png,Greening,/home/rguktong/Desktop/citrus_severity_project/data/raw_images/Greening/g (177).png,256,256
g (20).png,Greening,/home/rguktong/Desktop/citrus_severity_project/data/raw_images/Greening/g (20).png,256,256
g (125).png,Greening,/home/rguktong/Desktop/citrus_severity_project/data/raw_images/Greening/g (125).png,256,256
g (78).png,Greening,/home/rguktong/Desktop/citrus_severity_project/data/raw_images/Greening/g (78).png,256,256
g (159).png,Greening,/home/rguktong/Desktop/citrus_severity_project/data/raw_images/Greening/g (159).png,256,256
g (27).png,Greening,/home/rguktong/Desktop/citrus_severity_project/data/raw_images/Greening/g (27).png,256,256
g (195).png,Greening,/home/rguktong/Desktop/citrus_severity_project/data/raw_images/Greening/g (195).png,256,256
g (23).png,Greening,/home/rguktong/Desktop/citrus_severity_project/data/raw_images/Greening/g (23).png,256,256
g (50).png,Greening,/home/rguktong/Desktop/citrus_severity_project/data/raw_images/Greening/g (50).png,256,256
g (13).png,Greening,/home/rguktong/Desktop/citrus_severity_project/data/raw_images/Greening/g (13).png,256,256
g (119).png,Greening,/home/rguktong/Desktop/citrus_severity_project/data/raw_images/Greening/g (119).png,256,256
g (114).png,Greening,/home/rguktong/Desktop/citrus_severity_project/data/raw_images/Greening/g (114).png,256,256
g (60).png,Greening,/home/rguktong/Desktop/citrus_severity_project/data/raw_images/Greening/g (60).png,256,256
g (172).png,Greening,/home/rguktong/Desktop/citrus_severity_project/data/raw_images/Greening/g (172).png,256,256
g (37).png,Greening,/home/rguktong/Desktop/citrus_severity_project/data/raw_images/Greening/g (37).png,256,256
g (117).png,Greening,/home/rguktong/Desktop/citrus_severity_project/data/raw_images/Greening/g (117).png,256,256
g (41).png,Greening,/home/rguktong/Desktop/citrus_severity_project/data/raw_images/Greening/g (41).png,256,256
g (173).png,Greening,/home/rguktong/Desktop/citrus_severity_project/data/raw_images/Greening/g (173).png,256,256
g (167).png,Greening,/home/rguktong/Desktop/citrus_severity_project/data/raw_images/Greening/g (167).png,256,256
g (203).png,Greening,/home/rguktong/Desktop/citrus_severity_project/data/raw_images/Greening/g (203).png,256,256
g (77).png,Greening,/home/rguktong/Desktop/citrus_severity_project/data/raw_images/Greening/g (77).png,256,256
g (97).png,Greening,/home/rguktong/Desktop/citrus_severity_project/data/raw_images/Greening/g (97).png,256,256
g (65).png,Greening,/home/rguktong/Desktop/citrus_severity_project/data/raw_images/Greening/g (65).png,256,256
g (175).png,Greening,/home/rguktong/Desktop/citrus_severity_project/data/raw_images/Greening/g (175).png,256,256
g (150).png,Greening,/home/rguktong/Desktop/citrus_severity_project/data/raw_images/Greening/g (150).png,256,256
g (29).png,Greening,/home/rguktong/Desktop/citrus_severity_project/data/raw_images/Greening/g (29).png,256,256
g (96).png,Greening,/home/rguktong/Desktop/citrus_severity_project/data/raw_images/Greening/g (96).png,256,256
g (82).png,Greening,/home/rguktong/Desktop/citrus_severity_project/data/raw_images/Greening/g (82).png,256,256
g (189).png,Greening,/home/rguktong/Desktop/citrus_severity_project/data/raw_images/Greening/g (189).png,256,256
g (68).png,Greening,/home/rguktong/Desktop/citrus_severity_project/data/raw_images/Greening/g (68).png,256,256
g (61).png,Greening,/home/rguktong/Desktop/citrus_severity_project/data/raw_images/Greening/g (61).png,256,256
g (24).png,Greening,/home/rguktong/Desktop/citrus_severity_project/data/raw_images/Greening/g (24).png,256,256
g (113).png,Greening,/home/rguktong/Desktop/citrus_severity_project/data/raw_images/Greening/g (113).png,256,256
g (14).png,Greening,/home/rguktong/Desktop/citrus_severity_project/data/raw_images/Greening/g (14).png,256,256
g (103).png,Greening,/home/rguktong/Desktop/citrus_severity_project/data/raw_images/Greening/g (103).png,256,256
g (42).png,Greening,/home/rguktong/Desktop/citrus_severity_project/data/raw_images/Greening/g (42).png,256,256
g (135).png,Greening,/home/rguktong/Desktop/citrus_severity_project/data/raw_images/Greening/g (135).png,256,256
g (121).png,Greening,/home/rguktong/Desktop/citrus_severity_project/data/raw_images/Greening/g (121).png,256,256
g (51).png,Greening,/home/rguktong/Desktop/citrus_severity_project/data/raw_images/Greening/g (51).png,256,256
g (1).png,Greening,/home/rguktong/Desktop/citrus_severity_project/data/raw_images/Greening/g (1).png,256,256
g (79).png,Greening,/home/rguktong/Desktop/citrus_severity_project/data/raw_images/Greening/g (79).png,256,256
g (95).png,Greening,/home/rguktong/Desktop/citrus_severity_project/data/raw_images/Greening/g (95).png,256,256
g (32).png,Greening,/home/rguktong/Desktop/citrus_severity_project/data/raw_images/Greening/g (32).png,256,256
g (102).png,Greening,/home/rguktong/Desktop/citrus_severity_project/data/raw_images/Greening/g (102).png,256,256
g (56).png,Greening,/home/rguktong/Desktop/citrus_severity_project/data/raw_images/Greening/g (56).png,256,256
g (106).png,Greening,/home/rguktong/Desktop/citrus_severity_project/data/raw_images/Greening/g (106).png,256,256
g (89).png,Greening,/home/rguktong/Desktop/citrus_severity_project/data/raw_images/Greening/g (89).png,256,256
g (160).png,Greening,/home/rguktong/Desktop/citrus_severity_project/data/raw_images/Greening/g (160).png,256,256
g (84).png,Greening,/home/rguktong/Desktop/citrus_severity_project/data/raw_images/Greening/g (84).png,256,256
g (7).png,Greening,/home/rguktong/Desktop/citrus_severity_project/data/raw_images/Greening/g (7).png,256,256
g (164).png,Greening,/home/rguktong/Desktop/citrus_severity_project/data/raw_images/Greening/g (164).png,256,256
g (59).png,Greening,/home/rguktong/Desktop/citrus_severity_project/data/raw_images/Greening/g (59).png,256,256
g (166).png,Greening,/home/rguktong/Desktop/citrus_severity_project/data/raw_images/Greening/g (166).png,256,256
g (16).png,Greening,/home/rguktong/Desktop/citrus_severity_project/data/raw_images/Greening/g (16).png,256,256
g (155).png,Greening,/home/rguktong/Desktop/citrus_severity_project/data/raw_images/Greening/g (155).png,256,256
g (10).png,Greening,/home/rguktong/Desktop/citrus_severity_project/data/raw_images/Greening/g (10).png,256,256
g (139).png,Greening,/home/rguktong/Desktop/citrus_severity_project/data/raw_images/Greening/g (139).png,256,256
g (40).png,Greening,/home/rguktong/Desktop/citrus_severity_project/data/raw_images/Greening/g (40).png,256,256
g (193).png,Greening,/home/rguktong/Desktop/citrus_severity_project/data/raw_images/Greening/g (193).png,256,256
g (80).png,Greening,/home/rguktong/Desktop/citrus_severity_project/data/raw_images/Greening/g (80).png,256,256
g (192).png,Greening,/home/rguktong/Desktop/citrus_severity_project/data/raw_images/Greening/g (192).png,256,256
g (122).png,Greening,/home/rguktong/Desktop/citrus_severity_project/data/raw_images/Greening/g (122).png,256,256
g (161).png,Greening,/home/rguktong/Desktop/citrus_severity_project/data/raw_images/Greening/g (161).png,256,256
g (67).png,Greening,/home/rguktong/Desktop/citrus_severity_project/data/raw_images/Greening/g (67).png,256,256
g (110).png,Greening,/home/rguktong/Desktop/citrus_severity_project/data/raw_images/Greening/g (110).png,256,256
g (33).png,Greening,/home/rguktong/Desktop/citrus_severity_project/data/raw_images/Greening/g (33).png,256,256
g (85).png,Greening,/home/rguktong/Desktop/citrus_severity_project/data/raw_images/Greening/g (85).png,256,256
g (18).png,Greening,/home/rguktong/Desktop/citrus_severity_project/data/raw_images/Greening/g (18).png,256,256
g (199).png,Greening,/home/rguktong/Desktop/citrus_severity_project/data/raw_images/Greening/g (199).png,256,256
g (137).png,Greening,/home/rguktong/Desktop/citrus_severity_project/data/raw_images/Greening/g (137).png,256,256
g (44).png,Greening,/home/rguktong/Desktop/citrus_severity_project/data/raw_images/Greening/g (44).png,256,256
g (43).png,Greening,/home/rguktong/Desktop/citrus_severity_project/data/raw_images/Greening/g (43).png,256,256
g (86).png,Greening,/home/rguktong/Desktop/citrus_severity_project/data/raw_images/Greening/g (86).png,256,256
g (8).png,Greening,/home/rguktong/Desktop/citrus_severity_project/data/raw_images/Greening/g (8).png,256,256
g (21).png,Greening,/home/rguktong/Desktop/citrus_severity_project/data/raw_images/Greening/g (21).png,256,256
g (15).png,Greening,/home/rguktong/Desktop/citrus_severity_project/data/raw_images/Greening/g (15).png,256,256
g (153).png,Greening,/home/rguktong/Desktop/citrus_severity_project/data/raw_images/Greening/g (153).png,256,256
g (197).png,Greening,/home/rguktong/Desktop/citrus_severity_project/data/raw_images/Greening/g (197).png,256,256
g (98).png,Greening,/home/rguktong/Desktop/citrus_severity_project/data/raw_images/Greening/g (98).png,256,256
g (63).png,Greening,/home/rguktong/Desktop/citrus_severity_project/data/raw_images/Greening/g (63).png,256,256
g (186).png,Greening,/home/rguktong/Desktop/citrus_severity_project/data/raw_images/Greening/g (186).png,256,256
g (81).png,Greening,/home/rguktong/Desktop/citrus_severity_project/data/raw_images/Greening/g (81).png,256,256
g (55).png,Greening,/home/rguktong/Desktop/citrus_severity_project/data/raw_images/Greening/g (55).png,256,256
g (34).png,Greening,/home/rguktong/Desktop/citrus_severity_project/data/raw_images/Greening/g (34).png,256,256
g (45).png,Greening,/home/rguktong/Desktop/citrus_severity_project/data/raw_images/Greening/g (45).png,256,256
115.p.png,Canker,/home/rguktong/Desktop/citrus_severity_project/data/raw_images/Canker/115.p.png,256,256
48.pn.png,Canker,/home/rguktong/Desktop/citrus_severity_project/data/raw_images/Canker/48.pn.png,256,256
96.pn.png,Canker,/home/rguktong/Desktop/citrus_severity_project/data/raw_images/Canker/96.pn.png,256,256
146.p.png,Canker,/home/rguktong/Desktop/citrus_severity_project/data/raw_images/Canker/146.p.png,256,256
125.p.png,Canker,/home/rguktong/Desktop/citrus_severity_project/data/raw_images/Canker/125.p.png,256,256
77.pn.png,Canker,/home/rguktong/Desktop/citrus_severity_project/data/raw_images/Canker/77.pn.png,256,256
74.pn.png,Canker,/home/rguktong/Desktop/citrus_severity_project/data/raw_images/Canker/74.pn.png,256,256
57.pn.png,Canker,/home/rguktong/Desktop/citrus_severity_project/data/raw_images/Canker/57.pn.png,256,256
64.pn.png,Canker,/home/rguktong/Desktop/citrus_severity_project/data/raw_images/Canker/64.pn.png,256,256
42.pn.png,Canker,/home/rguktong/Desktop/citrus_severity_project/data/raw_images/Canker/42.pn.png,256,256
163.p.png,Canker,/home/rguktong/Desktop/citrus_severity_project/data/raw_images/Canker/163.p.png,256,256
27.pn.png,Canker,/home/rguktong/Desktop/citrus_severity_project/data/raw_images/Canker/27.pn.png,256,256
141.p.png,Canker,/home/rguktong/Desktop/citrus_severity_project/data/raw_images/Canker/141.p.png,256,256
133.p.png,Canker,/home/rguktong/Desktop/citrus_severity_project/data/raw_images/Canker/133.p.png,256,256
60.pn.png,Canker,/home/rguktong/Desktop/citrus_severity_project/data/raw_images/Canker/60.pn.png,256,256
108.p.png,Canker,/home/rguktong/Desktop/citrus_severity_project/data/raw_images/Canker/108.p.png,256,256
33.pn.png,Canker,/home/rguktong/Desktop/citrus_severity_project/data/raw_images/Canker/33.pn.png,256,256
100.p.png,Canker,/home/rguktong/Desktop/citrus_severity_project/data/raw_images/Canker/100.p.png,256,256
129.p.png,Canker,/home/rguktong/Desktop/citrus_severity_project/data/raw_images/Canker/129.p.png,256,256
31.pn.png,Canker,/home/rguktong/Desktop/citrus_severity_project/data/raw_images/Canker/31.pn.png,256,256
92.pn.png,Canker,/home/rguktong/Desktop/citrus_severity_project/data/raw_images/Canker/92.pn.png,256,256
6.png.png,Canker,/home/rguktong/Desktop/citrus_severity_project/data/raw_images/Canker/6.png.png,256,256
54.pn.png,Canker,/home/rguktong/Desktop/citrus_severity_project/data/raw_images/Canker/54.pn.png,256,256
109.p.png,Canker,/home/rguktong/Desktop/citrus_severity_project/data/raw_images/Canker/109.p.png,256,256
159.p.png,Canker,/home/rguktong/Desktop/citrus_severity_project/data/raw_images/Canker/159.p.png,256,256
137.p.png,Canker,/home/rguktong/Desktop/citrus_severity_project/data/raw_images/Canker/137.p.png,256,256
101.p.png,Canker,/home/rguktong/Desktop/citrus_severity_project/data/raw_images/Canker/101.p.png,256,256
53.pn.png,Canker,/home/rguktong/Desktop/citrus_severity_project/data/raw_images/Canker/53.pn.png,256,256
14.pn.png,Canker,/home/rguktong/Desktop/citrus_severity_project/data/raw_images/Canker/14.pn.png,256,256
83.pn.png,Canker,/home/rguktong/Desktop/citrus_severity_project/data/raw_images/Canker/83.pn.png,256,256
151.p.png,Canker,/home/rguktong/Desktop/citrus_severity_project/data/raw_images/Canker/151.p.png,256,256
56.pn.png,Canker,/home/rguktong/Desktop/citrus_severity_project/data/raw_images/Canker/56.pn.png,256,256
79.pn.png,Canker,/home/rguktong/Desktop/citrus_severity_project/data/raw_images/Canker/79.pn.png,256,256
46.pn.png,Canker,/home/rguktong/Desktop/citrus_severity_project/data/raw_images/Canker/46.pn.png,256,256
93.pn.png,Canker,/home/rguktong/Desktop/citrus_severity_project/data/raw_images/Canker/93.pn.png,256,256
58.pn.png,Canker,/home/rguktong/Desktop/citrus_severity_project/data/raw_images/Canker/58.pn.png,256,256
41.pn.png,Canker,/home/rguktong/Desktop/citrus_severity_project/data/raw_images/Canker/41.pn.png,256,256
112.p.png,Canker,/home/rguktong/Desktop/citrus_severity_project/data/raw_images/Canker/112.p.png,256,256
82.pn.png,Canker,/home/rguktong/Desktop/citrus_severity_project/data/raw_images/Canker/82.pn.png,256,256
17.pn.png,Canker,/home/rguktong/Desktop/citrus_severity_project/data/raw_images/Canker/17.pn.png,256,256
49.pn.png,Canker,/home/rguktong/Desktop/citrus_severity_project/data/raw_images/Canker/49.pn.png,256,256
160.p.png,Canker,/home/rguktong/Desktop/citrus_severity_project/data/raw_images/Canker/160.p.png,256,256
44.pn.png,Canker,/home/rguktong/Desktop/citrus_severity_project/data/raw_images/Canker/44.pn.png,256,256
114.p.png,Canker,/home/rguktong/Desktop/citrus_severity_project/data/raw_images/Canker/114.p.png,256,256
142.p.png,Canker,/home/rguktong/Desktop/citrus_severity_project/data/raw_images/Canker/142.p.png,256,256
85.pn.png,Canker,/home/rguktong/Desktop/citrus_severity_project/data/raw_images/Canker/85.pn.png,256,256
122.p.png,Canker,/home/rguktong/Desktop/citrus_severity_project/data/raw_images/Canker/122.p.png,256,256
130.p.png,Canker,/home/rguktong/Desktop/citrus_severity_project/data/raw_images/Canker/130.p.png,256,256
22.pn.png,Canker,/home/rguktong/Desktop/citrus_severity_project/data/raw_images/Canker/22.pn.png,256,256
20.pn.png,Canker,/home/rguktong/Desktop/citrus_severity_project/data/raw_images/Canker/20.pn.png,256,256
34.pn.png,Canker,/home/rguktong/Desktop/citrus_severity_project/data/raw_images/Canker/34.pn.png,256,256
131.p.png,Canker,/home/rguktong/Desktop/citrus_severity_project/data/raw_images/Canker/131.p.png,256,256
84.pn.png,Canker,/home/rguktong/Desktop/citrus_severity_project/data/raw_images/Canker/84.pn.png,256,256
39.pn.png,Canker,/home/rguktong/Desktop/citrus_severity_project/data/raw_images/Canker/39.pn.png,256,256
72.pn.png,Canker,/home/rguktong/Desktop/citrus_severity_project/data/raw_images/Canker/72.pn.png,256,256
59.pn.png,Canker,/home/rguktong/Desktop/citrus_severity_project/data/raw_images/Canker/59.pn.png,256,256
105.p.png,Canker,/home/rguktong/Desktop/citrus_severity_project/data/raw_images/Canker/105.p.png,256,256
147.p.png,Canker,/home/rguktong/Desktop/citrus_severity_project/data/raw_images/Canker/147.p.png,256,256
2.png.png,Canker,/home/rguktong/Desktop/citrus_severity_project/data/raw_images/Canker/2.png.png,256,256
80.pn.png,Canker,/home/rguktong/Desktop/citrus_severity_project/data/raw_images/Canker/80.pn.png,256,256
69.pn.png,Canker,/home/rguktong/Desktop/citrus_severity_project/data/raw_images/Canker/69.pn.png,256,256
73.pn.png,Canker,/home/rguktong/Desktop/citrus_severity_project/data/raw_images/Canker/73.pn.png,256,256
70.pn.png,Canker,/home/rguktong/Desktop/citrus_severity_project/data/raw_images/Canker/70.pn.png,256,256
124.p.png,Canker,/home/rguktong/Desktop/citrus_severity_project/data/raw_images/Canker/124.p.png,256,256
19.pn.png,Canker,/home/rguktong/Desktop/citrus_severity_project/data/raw_images/Canker/19.pn.png,256,256
50.pn.png,Canker,/home/rguktong/Desktop/citrus_severity_project/data/raw_images/Canker/50.pn.png,256,256
90.pn.png,Canker,/home/rguktong/Desktop/citrus_severity_project/data/raw_images/Canker/90.pn.png,256,256
45.pn.png,Canker,/home/rguktong/Desktop/citrus_severity_project/data/raw_images/Canker/45.pn.png,256,256
148.p.png,Canker,/home/rguktong/Desktop/citrus_severity_project/data/raw_images/Canker/148.p.png,256,256
16.pn.png,Canker,/home/rguktong/Desktop/citrus_severity_project/data/raw_images/Canker/16.pn.png,256,256
81.pn.png,Canker,/home/rguktong/Desktop/citrus_severity_project/data/raw_images/Canker/81.pn.png,256,256
127.p.png,Canker,/home/rguktong/Desktop/citrus_severity_project/data/raw_images/Canker/127.p.png,256,256
13.pn.png,Canker,/home/rguktong/Desktop/citrus_severity_project/data/raw_images/Canker/13.pn.png,256,256
68.pn.png,Canker,/home/rguktong/Desktop/citrus_severity_project/data/raw_images/Canker/68.pn.png,256,256
29.pn.png,Canker,/home/rguktong/Desktop/citrus_severity_project/data/raw_images/Canker/29.pn.png,256,256
143.p.png,Canker,/home/rguktong/Desktop/citrus_severity_project/data/raw_images/Canker/143.p.png,256,256
123.p.png,Canker,/home/rguktong/Desktop/citrus_severity_project/data/raw_images/Canker/123.p.png,256,256
162.p.png,Canker,/home/rguktong/Desktop/citrus_severity_project/data/raw_images/Canker/162.p.png,256,256
3.png.png,Canker,/home/rguktong/Desktop/citrus_severity_project/data/raw_images/Canker/3.png.png,256,256
156.p.png,Canker,/home/rguktong/Desktop/citrus_severity_project/data/raw_images/Canker/156.p.png,256,256
63.pn.png,Canker,/home/rguktong/Desktop/citrus_severity_project/data/raw_images/Canker/63.pn.png,256,256
89.pn.png,Canker,/home/rguktong/Desktop/citrus_severity_project/data/raw_images/Canker/89.pn.png,256,256
98.pn.png,Canker,/home/rguktong/Desktop/citrus_severity_project/data/raw_images/Canker/98.pn.png,256,256
158.p.png,Canker,/home/rguktong/Desktop/citrus_severity_project/data/raw_images/Canker/158.p.png,256,256
78.pn.png,Canker,/home/rguktong/Desktop/citrus_severity_project/data/raw_images/Canker/78.pn.png,256,256
119.p.png,Canker,/home/rguktong/Desktop/citrus_severity_project/data/raw_images/Canker/119.p.png,256,256
97.pn.png,Canker,/home/rguktong/Desktop/citrus_severity_project/data/raw_images/Canker/97.pn.png,256,256
75.pn.png,Canker,/home/rguktong/Desktop/citrus_severity_project/data/raw_images/Canker/75.pn.png,256,256
132.p.png,Canker,/home/rguktong/Desktop/citrus_severity_project/data/raw_images/Canker/132.p.png,256,256
25.pn.png,Canker,/home/rguktong/Desktop/citrus_severity_project/data/raw_images/Canker/25.pn.png,256,256
102.p.png,Canker,/home/rguktong/Desktop/citrus_severity_project/data/raw_images/Canker/102.p.png,256,256
135.p.png,Canker,/home/rguktong/Desktop/citrus_severity_project/data/raw_images/Canker/135.p.png,256,256
126.p.png,Canker,/home/rguktong/Desktop/citrus_severity_project/data/raw_images/Canker/126.p.png,256,256
35.pn.png,Canker,/home/rguktong/Desktop/citrus_severity_project/data/raw_images/Canker/35.pn.png,256,256
116.p.png,Canker,/home/rguktong/Desktop/citrus_severity_project/data/raw_images/Canker/116.p.png,256,256
15.pn.png,Canker,/home/rguktong/Desktop/citrus_severity_project/data/raw_images/Canker/15.pn.png,256,256
88.pn.png,Canker,/home/rguktong/Desktop/citrus_severity_project/data/raw_images/Canker/88.pn.png,256,256
9.png.png,Canker,/home/rguktong/Desktop/citrus_severity_project/data/raw_images/Canker/9.png.png,256,256
5.png.png,Canker,/home/rguktong/Desktop/citrus_severity_project/data/raw_images/Canker/5.png.png,256,256
111.p.png,Canker,/home/rguktong/Desktop/citrus_severity_project/data/raw_images/Canker/111.p.png,256,256
145.p.png,Canker,/home/rguktong/Desktop/citrus_severity_project/data/raw_images/Canker/145.p.png,256,256
12.pn.png,Canker,/home/rguktong/Desktop/citrus_severity_project/data/raw_images/Canker/12.pn.png,256,256
1.png.png,Canker,/home/rguktong/Desktop/citrus_severity_project/data/raw_images/Canker/1.png.png,256,256
87.pn.png,Canker,/home/rguktong/Desktop/citrus_severity_project/data/raw_images/Canker/87.pn.png,256,256
153.p.png,Canker,/home/rguktong/Desktop/citrus_severity_project/data/raw_images/Canker/153.p.png,256,256
121.p.png,Canker,/home/rguktong/Desktop/citrus_severity_project/data/raw_images/Canker/121.p.png,256,256
150.p.png,Canker,/home/rguktong/Desktop/citrus_severity_project/data/raw_images/Canker/150.p.png,256,256
104.p.png,Canker,/home/rguktong/Desktop/citrus_severity_project/data/raw_images/Canker/104.p.png,256,256
103.p.png,Canker,/home/rguktong/Desktop/citrus_severity_project/data/raw_images/Canker/103.p.png,256,256
94.pn.png,Canker,/home/rguktong/Desktop/citrus_severity_project/data/raw_images/Canker/94.pn.png,256,256
120.p.png,Canker,/home/rguktong/Desktop/citrus_severity_project/data/raw_images/Canker/120.p.png,256,256
37.pn.png,Canker,/home/rguktong/Desktop/citrus_severity_project/data/raw_images/Canker/37.pn.png,256,256
51.pn.png,Canker,/home/rguktong/Desktop/citrus_severity_project/data/raw_images/Canker/51.pn.png,256,256
110.p.png,Canker,/home/rguktong/Desktop/citrus_severity_project/data/raw_images/Canker/110.p.png,256,256
8.png.png,Canker,/home/rguktong/Desktop/citrus_severity_project/data/raw_images/Canker/8.png.png,256,256
140.p.png,Canker,/home/rguktong/Desktop/citrus_severity_project/data/raw_images/Canker/140.p.png,256,256
154.p.png,Canker,/home/rguktong/Desktop/citrus_severity_project/data/raw_images/Canker/154.p.png,256,256
113.p.png,Canker,/home/rguktong/Desktop/citrus_severity_project/data/raw_images/Canker/113.p.png,256,256
18.pn.png,Canker,/home/rguktong/Desktop/citrus_severity_project/data/raw_images/Canker/18.pn.png,256,256
30.pn.png,Canker,/home/rguktong/Desktop/citrus_severity_project/data/raw_images/Canker/30.pn.png,256,256
136.p.png,Canker,/home/rguktong/Desktop/citrus_severity_project/data/raw_images/Canker/136.p.png,256,256
118.p.png,Canker,/home/rguktong/Desktop/citrus_severity_project/data/raw_images/Canker/118.p.png,256,256
65.pn.png,Canker,/home/rguktong/Desktop/citrus_severity_project/data/raw_images/Canker/65.pn.png,256,256
67.pn.png,Canker,/home/rguktong/Desktop/citrus_severity_project/data/raw_images/Canker/67.pn.png,256,256
52.pn.png,Canker,/home/rguktong/Desktop/citrus_severity_project/data/raw_images/Canker/52.pn.png,256,256
76.pn.png,Canker,/home/rguktong/Desktop/citrus_severity_project/data/raw_images/Canker/76.pn.png,256,256
152.p.png,Canker,/home/rguktong/Desktop/citrus_severity_project/data/raw_images/Canker/152.p.png,256,256
23.pn.png,Canker,/home/rguktong/Desktop/citrus_severity_project/data/raw_images/Canker/23.pn.png,256,256
24.pn.png,Canker,/home/rguktong/Desktop/citrus_severity_project/data/raw_images/Canker/24.pn.png,256,256
86.pn.png,Canker,/home/rguktong/Desktop/citrus_severity_project/data/raw_images/Canker/86.pn.png,256,256
128.p.png,Canker,/home/rguktong/Desktop/citrus_severity_project/data/raw_images/Canker/128.p.png,256,256
36.pn.png,Canker,/home/rguktong/Desktop/citrus_severity_project/data/raw_images/Canker/36.pn.png,256,256
134.p.png,Canker,/home/rguktong/Desktop/citrus_severity_project/data/raw_images/Canker/134.p.png,256,256
138.p.png,Canker,/home/rguktong/Desktop/citrus_severity_project/data/raw_images/Canker/138.p.png,256,256
66.pn.png,Canker,/home/rguktong/Desktop/citrus_severity_project/data/raw_images/Canker/66.pn.png,256,256
117.p.png,Canker,/home/rguktong/Desktop/citrus_severity_project/data/raw_images/Canker/117.p.png,256,256
157.p.png,Canker,/home/rguktong/Desktop/citrus_severity_project/data/raw_images/Canker/157.p.png,256,256
11.pn.png,Canker,/home/rguktong/Desktop/citrus_severity_project/data/raw_images/Canker/11.pn.png,256,256
139.p.png,Canker,/home/rguktong/Desktop/citrus_severity_project/data/raw_images/Canker/139.p.png,256,256
43.pn.png,Canker,/home/rguktong/Desktop/citrus_severity_project/data/raw_images/Canker/43.pn.png,256,256
161.p.png,Canker,/home/rguktong/Desktop/citrus_severity_project/data/raw_images/Canker/161.p.png,256,256
62.pn.png,Canker,/home/rguktong/Desktop/citrus_severity_project/data/raw_images/Canker/62.pn.png,256,256
99.pn.png,Canker,/home/rguktong/Desktop/citrus_severity_project/data/raw_images/Canker/99.pn.png,256,256
107.p.png,Canker,/home/rguktong/Desktop/citrus_severity_project/data/raw_images/Canker/107.p.png,256,256
71.pn.png,Canker,/home/rguktong/Desktop/citrus_severity_project/data/raw_images/Canker/71.pn.png,256,256
149.p.png,Canker,/home/rguktong/Desktop/citrus_severity_project/data/raw_images/Canker/149.p.png,256,256
28.pn.png,Canker,/home/rguktong/Desktop/citrus_severity_project/data/raw_images/Canker/28.pn.png,256,256
32.pn.png,Canker,/home/rguktong/Desktop/citrus_severity_project/data/raw_images/Canker/32.pn.png,256,256
106.p.png,Canker,/home/rguktong/Desktop/citrus_severity_project/data/raw_images/Canker/106.p.png,256,256
155.p.png,Canker,/home/rguktong/Desktop/citrus_severity_project/data/raw_images/Canker/155.p.png,256,256
61.pn.png,Canker,/home/rguktong/Desktop/citrus_severity_project/data/raw_images/Canker/61.pn.png,256,256
144.p.png,Canker,/home/rguktong/Desktop/citrus_severity_project/data/raw_images/Canker/144.p.png,256,256
26.pn.png,Canker,/home/rguktong/Desktop/citrus_severity_project/data/raw_images/Canker/26.pn.png,256,256
7.png.png,Canker,/home/rguktong/Desktop/citrus_severity_project/data/raw_images/Canker/7.png.png,256,256
38.pn.png,Canker,/home/rguktong/Desktop/citrus_severity_project/data/raw_images/Canker/38.pn.png,256,256
10.pn.png,Canker,/home/rguktong/Desktop/citrus_severity_project/data/raw_images/Canker/10.pn.png,256,256
55.pn.png,Canker,/home/rguktong/Desktop/citrus_severity_project/data/raw_images/Canker/55.pn.png,256,256
91.pn.png,Canker,/home/rguktong/Desktop/citrus_severity_project/data/raw_images/Canker/91.pn.png,256,256
4.png.png,Canker,/home/rguktong/Desktop/citrus_severity_project/data/raw_images/Canker/4.png.png,256,256
47.pn.png,Canker,/home/rguktong/Desktop/citrus_severity_project/data/raw_images/Canker/47.pn.png,256,256
95.pn.png,Canker,/home/rguktong/Desktop/citrus_severity_project/data/raw_images/Canker/95.pn.png,256,256
40.pn.png,Canker,/home/rguktong/Desktop/citrus_severity_project/data/raw_images/Canker/40.pn.png,256,256
21.pn.png,Canker,/home/rguktong/Desktop/citrus_severity_project/data/raw_images/Canker/21.pn.png,256,256
